agency,bureau,initial_domain,source_list
Appraisal Subcommittee of the Federal Financial Institutions Examination Council,Appraisal Subcommittee,asc.gov,"[""gov"",""dap"",""pulse"",""2020_eot"",""oira""]"
Appraisal Subcommittee of the Federal Financial Institutions Examination Council,Appraisal Subcommittee,refermyappraisalcomplaint.asc.gov,"[""dap"",""pulse""]"
Civil Rights Cold Case Records Review Board,Civil Rights Cold Case Records Review Board,coldcaserecords.gov,"[""gov""]"
Commodity Futures Trading Commission,Commodity Futures Trading Commission,accountcreation.cftc.gov,"[""dap"",""pulse""]"
Commodity Futures Trading Commission,Commodity Futures Trading Commission,cftc.gov,"[""gov"",""dap"",""pulse"",""2020_eot"",""usagov"",""gov_man"",""oira""]"
Commodity Futures Trading Commission,Commodity Futures Trading Commission,comments.cftc.gov,"[""dap"",""pulse""]"
Commodity Futures Trading Commission,Commodity Futures Trading Commission,comments2.cftc.gov,"[""dap""]"
Commodity Futures Trading Commission,Commodity Futures Trading Commission,sirt.cftc.gov,"[""dap"",""pulse""]"
Commodity Futures Trading Commission,Commodity Futures Trading Commission,whistleblower.gov,"[""gov"",""dap"",""pulse"",""2020_eot"",""gov_man""]"
Consumer Financial Protection Bureau,Consumer Financial Protection Bureau,beta.consumerfinance.gov,"[""pulse""]"
Consumer Financial Protection Bureau,Consumer Financial Protection Bureau,ffiec.beta.cfpb.gov,"[""dap"",""pulse""]"
Consumer Product Safety Commission,Consumer Product Safety Commission,cpsc.gov,"[""gov"",""dap"",""pulse"",""2020_eot"",""usagov"",""gov_man"",""oira""]"
Consumer Product Safety Commission,Consumer Product Safety Commission,poolsafely.gov,"[""gov"",""dap"",""pulse"",""2020_eot"",""gov_man""]"
Corporation for National and Community Service,AmeriCorps,americorps.gov,"[""gov"",""dap"",""pulse"",""usagov"",""oira""]"
Corporation for National and Community Service,AmeriCorps,egrants.cns.gov,"[""dap"",""pulse""]"
Corporation for National and Community Service,AmeriCorps,my.americorps.gov,"[""dap"",""pulse"",""oira""]"
Corporation for National and Community Service,AmeriCorps,questions.americorps.gov,"[""dap""]"
Department of Commerce,Bureau of Industry and Security,bis.gov,"[""gov"",""dap""]"
Department of Commerce,National Executive Committee for Space-Based PNT,gps.gov,"[""gov"",""dap"",""pulse"",""2020_eot""]"
Department of Commerce,National Institute of Standards and Technology,ai-challenges.nist.gov,"[""dap""]"
Department of Commerce,National Institute of Standards and Technology,firedoc.nist.gov,"[""dap"",""pulse""]"
Department of Commerce,National Institute of Standards and Technology,hl7v2-igamt-2.nist.gov,"[""dap""]"
Department of Commerce,National Institute of Standards and Technology,ihe-pcd.nist.gov,"[""dap""]"
Department of Commerce,National Institute of Standards and Technology,its90.nist.gov,"[""dap""]"
Department of Commerce,National Institute of Standards and Technology,nigos.nist.gov,"[""dap"",""pulse""]"
Department of Commerce,National Institute of Standards and Technology,nist.time.gov,"[""dap"",""pulse""]"
Department of Commerce,National Institute of Standards and Technology,publicsafety.nist.gov,"[""dap"",""pulse""]"
Department of Commerce,National Institute of Standards and Technology,randr19.nist.gov,"[""dap""]"
Department of Commerce,National Institute of Standards and Technology,rdaf.nist.gov,"[""dap""]"
Department of Commerce,National Institute of Standards and Technology,rpki-monitor.antd.nist.gov,"[""dap"",""pulse""]"
Department of Commerce,National Institute of Standards and Technology,rpki-monitor.nist.gov,"[""dap""]"
Department of Commerce,National Institute of Standards and Technology,strbase-b.nist.gov,"[""pulse""]"
Department of Commerce,National Institute of Standards and Technology,timegov.nist.gov,"[""dap"",""pulse""]"
Department of Commerce,National Oceanic and Atmospheric Administration,archive.oceanexplorer.noaa.gov,"[""dap""]"
Department of Commerce,National Oceanic and Atmospheric Administration,data.class.noaa.gov,"[""dap""]"
Department of Commerce,National Oceanic and Atmospheric Administration,erma.noaa.gov,"[""pulse""]"
Department of Commerce,National Oceanic and Atmospheric Administration,fieldterminal.nesdis.noaa.gov,"[""dap""]"
Department of Commerce,National Oceanic and Atmospheric Administration,goes.noaa.gov,"[""dap"",""pulse""]"
Department of Commerce,National Oceanic and Atmospheric Administration,oceanwatch.noaa.gov,"[""dap"",""pulse""]"
Department of Commerce,National Oceanic and Atmospheric Administration,order.aev.class.noaa.gov,"[""dap""]"
Department of Commerce,National Oceanic and Atmospheric Administration,order.class.noaa.gov,"[""dap""]"
Department of Commerce,National Oceanic and Atmospheric Administration,ssd.noaa.gov,"[""dap"",""pulse"",""2020_eot""]"
Department of Commerce,Office of the Chief Information Officer,broadbandusa.ntia.doc.gov,"[""dap""]"
Department of Commerce,USPTO,globaldossier-ui.uspto.gov,"[""dap""]"
Department of Commerce,USPTO,rdms-mpep-vip.uspto.gov,"[""dap"",""pulse""]"
Department of Commerce,USPTO,rdms-tbmp-vip.uspto.gov,"[""dap"",""pulse""]"
Department of Commerce,USPTO,rdms-tfsr-vip.uspto.gov,"[""dap"",""pulse""]"
Department of Commerce,USPTO,rdms-tmep-vip.uspto.gov,"[""dap"",""pulse""]"
Department of Commerce,USPTO,ttabcenter.uspto.gov,"[""dap""]"
Department of Defense,Air Force,afrba-portal.cce.af.mil,"[""dap""]"
Department of Defense,Air Force,afrba-portal.prod.azure.cce.af.mil,"[""dap""]"
Department of Defense,Air Force,daflearning.af.mil,"[""dap""]"
Department of Defense,Air Force,software.af.mil,"[""dap""]"
Department of Defense,Army,aec.army.mil,"[""gov_man""]"
Department of Defense,Army,ahrpo.army.mil,"[""dap""]"
Department of Defense,Army,anad.army.mil,"[""dap""]"
Department of Defense,Army,armypubs.army.mil,"[""dap""]"
Department of Defense,Army,cybercoe.army.mil,"[""dap""]"
Department of Defense,Army,ecolibrary.sec.usace.army.mil,"[""dap""]"
Department of Defense,Army,eeo.amedd.army.mil,"[""dap""]"
Department of Defense,Army,efmp.amedd.army.mil,"[""dap""]"
Department of Defense,Army,enterprisemanagement.army.mil,"[""dap""]"
Department of Defense,Army,fmso.tradoc.army.mil,"[""dap""]"
Department of Defense,Army,gomo.army.mil,"[""dap"",""mil-sites2""]"
Department of Defense,Army,gulflink.fhpr.osd.mil,"[""dap""]"
Department of Defense,Army,gulflink.osd.mil,"[""dap""]"
Department of Defense,Army,h2f.army.mil,"[""dap""]"
Department of Defense,Army,history.army.mil,"[""dap"",""gov_man""]"
Department of Defense,Army,home.army.mil,"[""dap""]"
Department of Defense,Army,ipps-a.army.mil,"[""dap""]"
Department of Defense,Army,iwrlibrary.sec.usace.army.mil,"[""dap""]"
Department of Defense,Army,jtfncr.mdw.army.mil,"[""dap""]"
Department of Defense,Army,madsciblog.tradoc.army.mil,"[""dap""]"
Department of Defense,Army,milgears.osd.mil,"[""dap""]"
Department of Defense,Army,ndclibrary.sec.usace.army.mil,"[""dap""]"
Department of Defense,Army,oe.tradoc.army.mil,"[""dap""]"
Department of Defense,Army,ogc.osd.mil,"[""dap"",""gov_man"",""mil-sites1""]"
Department of Defense,Army,peoc3n.army.mil,"[""dap""]"
Department of Defense,Army,peostri.army.mil,"[""dap""]"
Department of Defense,Army,publibrary.sec.usace.army.mil,"[""dap""]"
Department of Defense,Army,ria-jmtc.army.mil,"[""dap""]"
Department of Defense,Army,sierra.army.mil,"[""dap""]"
Department of Defense,Army,skillbridge.osd.mil,"[""dap""]"
Department of Defense,Army,soldiersolutions.swf.army.mil,"[""dap""]"
Department of Defense,Army,srleaders.army.mil,"[""dap""]"
Department of Defense,Army,tacom.army.mil,"[""dap""]"
Department of Defense,Army,usmap.osd.mil,"[""dap""]"
Department of Defense,Army,veteranmedals.army.mil,"[""dap""]"
Department of Defense,Army,wageandsalary.dcpas.osd.mil,"[""dap""]"
Department of Defense,Army,wva.army.mil,"[""dap""]"
Department of Defense,Defense Media Activity,jifco.defense.gov,"[""dap""]"
Department of Defense,Defense Media Activity,policy.defense.gov,"[""dap"",""pulse"",""2020_eot"",""gov_man"",""mil-sites1""]"
Department of Defense,National Guard,fl.ng.mil,"[""dap""]"
Department of Defense,National Guard,ne.ng.mil,"[""dap""]"
Department of Defense,National Guard,nv.ng.mil,"[""dap""]"
Department of Defense,National Guard,ri.ng.mil,"[""dap"",""mil-sites1"",""mil-sites2""]"
Department of Defense,National Guard,wi.ng.mil,"[""dap""]"
Department of Defense,Navy,donfmworkforce.dc3n.navy.mil,"[""dap""]"
Department of Defense,Navy,history.navy.mil,"[""dap"",""mil-sites2""]"
Department of Defense,Navy,navalaviationnews.navy.mil,"[""dap""]"
Department of Defense,Navy,pzal.metoc.navy.mil,"[""dap""]"
Department of Defense,,ac.cto.mil,"[""dap""]"
Department of Defense,,apps.militaryonesource.mil,"[""dap""]"
Department of Defense,,apps.pre.militaryonesource.mil,"[""dap""]"
Department of Defense,,blastinjuryresearch.health.mil,"[""dap""]"
Department of Defense,,blog-brigade.militaryonesource.mil,"[""dap""]"
Department of Defense,,blog-brigade.pre.militaryonesource.mil,"[""dap""]"
Department of Defense,,crg.health.mil,"[""dap""]"
Department of Defense,,demographics.militaryonesource.mil,"[""dap""]"
Department of Defense,,demographics.pre.militaryonesource.mil,"[""dap""]"
Department of Defense,,discover.dtic.mil,"[""dap"",""usagov"",""mil-sites2""]"
Department of Defense,,efmpandme.militaryonesource.mil,"[""dap""]"
Department of Defense,,efmpeducationdirectory.militaryonesource.mil,"[""dap""]"
Department of Defense,,eitpmo.health.mil,"[""dap""]"
Department of Defense,,gulflink.health.mil,"[""dap""]"
Department of Defense,,health.mil,"[""dap"",""2020_eot"",""usagov"",""mil-sites2""]"
Department of Defense,,info.nga.mil,"[""dap""]"
Department of Defense,,installations.militaryonesource.mil,"[""dap"",""usagov""]"
Department of Defense,,installations.pre.militaryonesource.mil,"[""dap""]"
Department of Defense,,jtapic.health.mil,"[""dap""]"
Department of Defense,,jts.health.mil,"[""dap""]"
Department of Defense,,medicalmuseum.health.mil,"[""dap""]"
Department of Defense,,militaryonesource.mil,"[""dap"",""2020_eot"",""mil-sites2""]"
Department of Defense,,millifelearning.militaryonesource.mil,"[""dap""]"
Department of Defense,,millifelearning.pre.militaryonesource.mil,"[""dap""]"
Department of Defense,,mrdc-npi.health.mil,"[""dap""]"
Department of Defense,,mrdc.health.mil,"[""dap""]"
Department of Defense,,msepjobs.militaryonesource.mil,"[""dap""]"
Department of Defense,,msepjobs.pre.militaryonesource.mil,"[""dap""]"
Department of Defense,,mycaa.militaryonesource.mil,"[""dap""]"
Department of Defense,,myseco.militaryonesource.mil,"[""dap""]"
Department of Defense,,nicbr.health.mil,"[""dap""]"
Department of Defense,,pac.whs.mil,"[""dap"",""mil-sites2""]"
Department of Defense,,ph.health.mil,"[""dap""]"
Department of Defense,,phceast.health.mil,"[""dap""]"
Department of Defense,,planmydeployment.militaryonesource.mil,"[""dap""]"
Department of Defense,,planmydeployment.pre.militaryonesource.mil,"[""dap""]"
Department of Defense,,planmymove.militaryonesource.mil,"[""dap""]"
Department of Defense,,planmymove.pre.militaryonesource.mil,"[""dap""]"
Department of Defense,,pre.militaryonesource.mil,"[""dap""]"
Department of Defense,,public.cyber.mil,"[""dap"",""mil-sites2""]"
Department of Defense,,purview.dodlive.mil,"[""dap"",""mil-sites1""]"
Department of Defense,,rt.cto.mil,"[""dap""]"
Department of Defense,,statepolicy.militaryonesource.mil,"[""dap""]"
Department of Defense,,statepolicy.pre.militaryonesource.mil,"[""dap""]"
Department of Defense,,stem.health.mil,"[""dap""]"
Department of Defense,,styleguide.militaryonesource.mil,"[""dap""]"
Department of Defense,,styleguide.pre.militaryonesource.mil,"[""dap""]"
Department of Defense,,technologytransfer.health.mil,"[""dap""]"
Department of Defense,,tribute.militaryonesource.mil,"[""dap""]"
Department of Defense,,tribute.pre.militaryonesource.mil,"[""dap""]"
Department of Defense,,tricare.mil,"[""dap"",""2020_eot"",""usagov"",""mil-sites2""]"
Department of Defense,,usaarl.health.mil,"[""dap""]"
Department of Defense,,usaisr.health.mil,"[""dap""]"
Department of Defense,,usammda.health.mil,"[""dap""]"
Department of Defense,,usamriid.health.mil,"[""dap""]"
Department of Education,Office of Chief Information Officer,aaec.ed.gov,"[""dap""]"
Department of Education,Office of Chief Information Officer,civilrightsdata.ed.gov,"[""dap""]"
Department of Education,Office of Chief Information Officer,eden.ed.gov,"[""pulse""]"
Department of Education,Office of Chief Information Officer,nrs.ed.gov,"[""dap"",""oira""]"
Department of Energy,Lawrence Livermore National Laboratory,aims.llnl.gov,"[""pulse""]"
Department of Energy,Lawrence Livermore National Laboratory,aims3.llnl.gov,"[""pulse""]"
Department of Energy,Lawrence Livermore National Laboratory,annual.llnl.gov,"[""dap"",""pulse""]"
Department of Energy,Lawrence Livermore National Laboratory,apqry.llnl.gov,"[""pulse""]"
Department of Energy,Lawrence Livermore National Laboratory,asc.llnl.gov,"[""dap"",""pulse"",""2020_eot""]"
Department of Energy,Lawrence Livermore National Laboratory,aser.llnl.gov,"[""dap""]"
Department of Energy,Lawrence Livermore National Laboratory,bio-sfa.llnl.gov,"[""dap""]"
Department of Energy,Lawrence Livermore National Laboratory,bioams.llnl.gov,"[""dap"",""pulse"",""2020_eot""]"
Department of Energy,Lawrence Livermore National Laboratory,bioresilience.llnl.gov,"[""dap""]"
Department of Energy,Lawrence Livermore National Laboratory,bnm.llnl.gov,"[""dap""]"
Department of Energy,Lawrence Livermore National Laboratory,bout.llnl.gov,"[""dap"",""pulse""]"
Department of Energy,Lawrence Livermore National Laboratory,cams.llnl.gov,"[""dap"",""pulse"",""2020_eot""]"
Department of Energy,Lawrence Livermore National Laboratory,carbon-economy.llnl.gov,"[""dap""]"
Department of Energy,Lawrence Livermore National Laboratory,cdat.llnl.gov,"[""pulse""]"
Department of Energy,Lawrence Livermore National Laboratory,cdp.llnl.gov,"[""pulse""]"
Department of Energy,Lawrence Livermore National Laboratory,cf-pcmdi.llnl.gov,"[""pulse""]"
Department of Energy,Lawrence Livermore National Laboratory,cf-trac.llnl.gov,"[""pulse""]"
Department of Energy,Lawrence Livermore National Laboratory,cgsr.llnl.gov,"[""dap"",""pulse"",""2020_eot""]"
Department of Energy,Lawrence Livermore National Laboratory,cmip-publications.llnl.gov,"[""pulse""]"
Department of Energy,Lawrence Livermore National Laboratory,cmor.llnl.gov,"[""pulse""]"
Department of Energy,Lawrence Livermore National Laboratory,cmweb-beta.llnl.gov,"[""pulse""]"
Department of Energy,Lawrence Livermore National Laboratory,cmweb.llnl.gov,"[""pulse""]"
Department of Energy,Lawrence Livermore National Laboratory,cog.llnl.gov,"[""dap"",""pulse""]"
Department of Energy,Lawrence Livermore National Laboratory,combustiontools.llnl.gov,"[""pulse""]"
Department of Energy,Lawrence Livermore National Laboratory,common-ext.llnl.gov,"[""pulse""]"
Department of Energy,Lawrence Livermore National Laboratory,computing.llnl.gov,"[""pulse"",""2020_eot""]"
Department of Energy,Lawrence Livermore National Laboratory,contenthub.llnl.gov,"[""dap""]"
Department of Energy,Lawrence Livermore National Laboratory,controlbanding.llnl.gov,"[""dap""]"
Department of Energy,Lawrence Livermore National Laboratory,csl.llnl.gov,"[""dap"",""pulse""]"
Department of Energy,Lawrence Livermore National Laboratory,cyber-internship.llnl.gov,"[""dap""]"
Department of Energy,Lawrence Livermore National Laboratory,cybersecurity.llnl.gov,"[""dap""]"
Department of Energy,Lawrence Livermore National Laboratory,data-science.llnl.gov,"[""dap""]"
Department of Energy,Lawrence Livermore National Laboratory,dream.llnl.gov,"[""pulse""]"
Department of Energy,Lawrence Livermore National Laboratory,dus.llnl.gov,"[""dap"",""pulse""]"
Department of Energy,Lawrence Livermore National Laboratory,eap.llnl.gov,"[""dap"",""pulse""]"
Department of Energy,Lawrence Livermore National Laboratory,ebg.llnl.gov,"[""dap"",""pulse""]"
Department of Energy,Lawrence Livermore National Laboratory,ebit.llnl.gov,"[""dap"",""pulse""]"
Department of Energy,Lawrence Livermore National Laboratory,eehpcwg.llnl.gov,"[""dap"",""pulse""]"
Department of Energy,Lawrence Livermore National Laboratory,energetics.llnl.gov,"[""dap""]"
Department of Energy,Lawrence Livermore National Laboratory,engineering.llnl.gov,"[""dap"",""pulse""]"
Department of Energy,Lawrence Livermore National Laboratory,enviroinfo.llnl.gov,"[""dap""]"
Department of Energy,Lawrence Livermore National Laboratory,erd.llnl.gov,"[""pulse""]"
Department of Energy,Lawrence Livermore National Laboratory,esgf-dev1.llnl.gov,"[""pulse""]"
Department of Energy,Lawrence Livermore National Laboratory,esgf.llnl.gov,"[""pulse"",""2020_eot""]"
Department of Energy,Lawrence Livermore National Laboratory,fcoi.llnl.gov,"[""dap"",""pulse""]"
Department of Energy,Lawrence Livermore National Laboratory,flowcharts.llnl.gov,"[""dap"",""pulse""]"
Department of Energy,Lawrence Livermore National Laboratory,flu.llnl.gov,"[""dap"",""pulse""]"
Department of Energy,Lawrence Livermore National Laboratory,forensicscience.llnl.gov,"[""dap""]"
Department of Energy,Lawrence Livermore National Laboratory,gdo-datasci.llnl.gov,"[""pulse""]"
Department of Energy,Lawrence Livermore National Laboratory,gdo-lc.llnl.gov,"[""pulse""]"
Department of Energy,Lawrence Livermore National Laboratory,genomics.llnl.gov,"[""dap""]"
Department of Energy,Lawrence Livermore National Laboratory,gs.llnl.gov,"[""dap""]"
Department of Energy,Lawrence Livermore National Laboratory,guide.llnl.gov,"[""dap""]"
Department of Energy,Lawrence Livermore National Laboratory,healthsci.llnl.gov,"[""dap""]"
Department of Energy,Lawrence Livermore National Laboratory,heds-center.llnl.gov,"[""dap"",""pulse""]"
Department of Energy,Lawrence Livermore National Laboratory,hpc.llnl.gov,"[""pulse""]"
Department of Energy,Lawrence Livermore National Laboratory,hpc4energyinnovation.llnl.gov,"[""dap""]"
Department of Energy,Lawrence Livermore National Laboratory,hpcic.llnl.gov,"[""dap"",""pulse""]"
Department of Energy,Lawrence Livermore National Laboratory,ife.llnl.gov,"[""dap""]"
Department of Energy,Lawrence Livermore National Laboratory,ipo.llnl.gov,"[""pulse""]"
Department of Energy,Lawrence Livermore National Laboratory,ixp-beta.llnl.gov,"[""pulse""]"
Department of Energy,Lawrence Livermore National Laboratory,ixp.llnl.gov,"[""pulse""]"
Department of Energy,Lawrence Livermore National Laboratory,jlf.llnl.gov,"[""dap"",""pulse"",""2020_eot""]"
Department of Energy,Lawrence Livermore National Laboratory,kwla.llnl.gov,"[""dap"",""pulse""]"
Department of Energy,Lawrence Livermore National Laboratory,lasermaterials.llnl.gov,"[""dap"",""pulse""]"
Department of Energy,Lawrence Livermore National Laboratory,lasers.llnl.gov,"[""dap"",""pulse"",""2020_eot""]"
Department of Energy,Lawrence Livermore National Laboratory,latex.llnl.gov,"[""pulse""]"
Department of Energy,Lawrence Livermore National Laboratory,lattice.llnl.gov,"[""pulse""]"
Department of Energy,Lawrence Livermore National Laboratory,lc-idm.llnl.gov,"[""pulse""]"
Department of Energy,Lawrence Livermore National Laboratory,ldrd-annual.llnl.gov,"[""dap""]"
Department of Energy,Lawrence Livermore National Laboratory,leaf.llnl.gov,"[""dap""]"
Department of Energy,Lawrence Livermore National Laboratory,library.llnl.gov,"[""dap"",""pulse""]"
Department of Energy,Lawrence Livermore National Laboratory,llnl.gov,"[""gov"",""dap"",""pulse"",""2020_eot"",""usagov""]"
Department of Energy,Lawrence Livermore National Laboratory,llns-champ.llnl.gov,"[""dap""]"
Department of Energy,Lawrence Livermore National Laboratory,lvoc.llnl.gov,"[""dap"",""pulse""]"
Department of Energy,Lawrence Livermore National Laboratory,mara.llnl.gov,"[""dap""]"
Department of Energy,Lawrence Livermore National Laboratory,marshallislands.llnl.gov,"[""dap"",""pulse""]"
Department of Energy,Lawrence Livermore National Laboratory,mass.llnl.gov,"[""dap""]"
Department of Energy,Lawrence Livermore National Laboratory,mecs.llnl.gov,"[""dap""]"
Department of Energy,Lawrence Livermore National Laboratory,mic.llnl.gov,"[""dap"",""pulse""]"
Department of Energy,Lawrence Livermore National Laboratory,microbio.llnl.gov,"[""dap""]"
Department of Energy,Lawrence Livermore National Laboratory,nanoscience.llnl.gov,"[""dap""]"
Department of Energy,Lawrence Livermore National Laboratory,narac-beta.llnl.gov,"[""pulse""]"
Department of Energy,Lawrence Livermore National Laboratory,narac.llnl.gov,"[""dap"",""pulse""]"
Department of Energy,Lawrence Livermore National Laboratory,naracweb.llnl.gov,"[""pulse""]"
Department of Energy,Lawrence Livermore National Laboratory,ncsp.llnl.gov,"[""dap"",""pulse""]"
Department of Energy,Lawrence Livermore National Laboratory,nda.llnl.gov,"[""dap""]"
Department of Energy,Lawrence Livermore National Laboratory,neutrinos.llnl.gov,"[""dap"",""pulse""]"
Department of Energy,Lawrence Livermore National Laboratory,nexo.llnl.gov,"[""dap"",""pulse""]"
Department of Energy,Lawrence Livermore National Laboratory,ngms.llnl.gov,"[""dap"",""pulse""]"
Department of Energy,Lawrence Livermore National Laboratory,nifuserguide.llnl.gov,"[""dap""]"
Department of Energy,Lawrence Livermore National Laboratory,nuc-hazard-zones-beta.llnl.gov,"[""pulse""]"
Department of Energy,Lawrence Livermore National Laboratory,nuc-hazard-zones.llnl.gov,"[""pulse""]"
Department of Energy,Lawrence Livermore National Laboratory,nuclear-particle-physics.llnl.gov,"[""dap""]"
Department of Energy,Lawrence Livermore National Laboratory,packaging.llnl.gov,"[""dap"",""pulse""]"
Department of Energy,Lawrence Livermore National Laboratory,pcmdi6.llnl.gov,"[""pulse""]"
Department of Energy,Lawrence Livermore National Laboratory,people.llnl.gov,"[""pulse""]"
Department of Energy,Lawrence Livermore National Laboratory,planned-maint-ext.llnl.gov,"[""pulse""]"
Department of Energy,Lawrence Livermore National Laboratory,pls.llnl.gov,"[""dap"",""pulse"",""2020_eot""]"
Department of Energy,Lawrence Livermore National Laboratory,psaap.llnl.gov,"[""dap""]"
Department of Energy,Lawrence Livermore National Laboratory,quantum.llnl.gov,"[""dap""]"
Department of Energy,Lawrence Livermore National Laboratory,responder.llnl.gov,"[""dap"",""pulse""]"
Department of Energy,Lawrence Livermore National Laboratory,returntowork.llnl.gov,"[""dap"",""pulse""]"
Department of Energy,Lawrence Livermore National Laboratory,rotc.llnl.gov,"[""dap""]"
Department of Energy,Lawrence Livermore National Laboratory,sc-programs.llnl.gov,"[""dap"",""pulse""]"
Department of Energy,Lawrence Livermore National Laboratory,sd.llnl.gov,"[""dap""]"
Department of Energy,Lawrence Livermore National Laboratory,seaborg.llnl.gov,"[""dap"",""pulse""]"
Department of Energy,Lawrence Livermore National Laboratory,space-science.llnl.gov,"[""dap""]"
Department of Energy,Lawrence Livermore National Laboratory,spotlight.llnl.gov,"[""dap""]"
Department of Energy,Lawrence Livermore National Laboratory,st.llnl.gov,"[""pulse""]"
Department of Energy,Lawrence Livermore National Laboratory,str.llnl.gov,"[""dap"",""pulse""]"
Department of Energy,Lawrence Livermore National Laboratory,supplychain.llnl.gov,"[""dap"",""pulse""]"
Department of Energy,Lawrence Livermore National Laboratory,tasc.llnl.gov,"[""dap"",""pulse""]"
Department of Energy,Lawrence Livermore National Laboratory,training.llnl.gov,"[""dap"",""pulse""]"
Department of Energy,Lawrence Livermore National Laboratory,trip.llnl.gov,"[""dap"",""pulse""]"
Department of Energy,Lawrence Livermore National Laboratory,ucfaculty.llnl.gov,"[""dap""]"
Department of Energy,Lawrence Livermore National Laboratory,urban.llnl.gov,"[""dap"",""pulse""]"
Department of Energy,Lawrence Livermore National Laboratory,uv-cdat.llnl.gov,"[""pulse""]"
Department of Energy,Lawrence Livermore National Laboratory,uvcdat.llnl.gov,"[""pulse"",""2020_eot""]"
Department of Energy,Lawrence Livermore National Laboratory,vendor.llnl.gov,"[""pulse""]"
Department of Energy,Lawrence Livermore National Laboratory,veterans.llnl.gov,"[""dap""]"
Department of Energy,Lawrence Livermore National Laboratory,vipir.llnl.gov,"[""pulse""]"
Department of Energy,Lawrence Livermore National Laboratory,water.llnl.gov,"[""dap""]"
Department of Energy,Lawrence Livermore National Laboratory,wbc.llnl.gov,"[""dap"",""pulse""]"
Department of Energy,Lawrence Livermore National Laboratory,weather.llnl.gov,"[""pulse""]"
Department of Energy,National Renewable Energy Laboratory,atb-archive.nrel.gov,"[""dap""]"
Department of Energy,National Renewable Energy Laboratory,atb.nrel.gov,"[""dap""]"
Department of Energy,National Renewable Energy Laboratory,bde.ml.nrel.gov,"[""dap""]"
Department of Energy,National Renewable Energy Laboratory,cleancities-forum.nrel.gov,"[""dap""]"
Department of Energy,National Renewable Energy Laboratory,cn.ml.nrel.gov,"[""dap""]"
Department of Energy,National Renewable Energy Laboratory,data.nrel.gov,"[""dap""]"
Department of Energy,National Renewable Energy Laboratory,electric-school-bus-forum.nrel.gov,"[""dap""]"
Department of Energy,National Renewable Energy Laboratory,evchart.driveelectric.gov,"[""dap""]"
Department of Energy,National Renewable Energy Laboratory,fleetredi.nrel.gov,"[""dap""]"
Department of Energy,National Renewable Energy Laboratory,polyid.nrel.gov,"[""dap""]"
Department of Energy,National Renewable Energy Laboratory,pvrw.nrel.gov,"[""dap""]"
Department of Energy,National Renewable Energy Laboratory,reopt.nrel.gov,"[""dap""]"
Department of Energy,National Renewable Energy Laboratory,small-business.nrel.gov,"[""dap""]"
Department of Energy,National Renewable Energy Laboratory,tpl.nrel.gov,"[""dap""]"
Department of Energy,National Renewable Energy Laboratory,ysi.ml.nrel.gov,"[""dap""]"
Department of Energy,Oak Ridge National Laboratory,mpgtest.dmz.ornl.gov,"[""pulse""]"
Department of Energy,Oak Ridge National Laboratory,mpgtest.ornl.gov,"[""pulse""]"
Department of Energy,Pacific Northwest National Laboratory,orslearn.pnnl.gov,"[""dap""]"
Department of Energy,Pacific Northwest National Laboratory,retuning.pnnl.gov,"[""dap""]"
Department of Energy,Pacific Northwest National Laboratory,vips.pnnl.gov,"[""dap""]"
Department of Energy,Portsmouth/Paducah Project Office,eic.ports.pppo.gov,"[""dap""]"
Department of Energy,Sandia National Laboratories,anywhere.sandia.gov,"[""dap"",""pulse""]"
Department of Energy,Sandia National Laboratories,charon.sandia.gov,"[""dap""]"
Department of Energy,Sandia National Laboratories,clean-air.sandia.gov,"[""pulse""]"
Department of Energy,Sandia National Laboratories,overqc.sandia.gov,"[""dap""]"
Department of Energy,Sandia National Laboratories,proof.sandia.gov,"[""dap""]"
Department of Energy,Sandia National Laboratories,rsec.sandia.gov,"[""dap""]"
Department of Energy,Sandia National Laboratories,voroclust.sandia.gov,"[""dap""]"
Department of Energy,Savannah River National Lab,srnl.gov,"[""gov""]"
Department of Energy,"US Department of Energy, Office of the CIO",ceq.doe.gov,"[""dap"",""pulse"",""2020_eot""]"
Department of Energy,"US Department of Energy, Office of the CIO",pr100.gov,"[""gov"",""dap""]"
Department of Energy,"US Department of Energy, Office of the CIO",sustainabilitydashboard.doe.gov,"[""dap""]"
Department of Health and Human Services,Administration for Children and Families,api.childwelfare.gov,"[""dap""]"
Department of Health and Human Services,Administration for Children and Families,repatriation.acf.gov,"[""dap""]"
Department of Health and Human Services,Agency for Healthcare Research and Quality,iqdnet.ahrq.gov,"[""dap""]"
Department of Health and Human Services,Assistant Secretary for Preparedness and Response Office of the Secretary,covidtest.gov,"[""gov""]"
Department of Health and Human Services,Assistant Secretary for Preparedness and Response Office of the Secretary,covidtests.gov,"[""gov"",""dap""]"
Department of Health and Human Services,Centers for Disease Control and Prevention,blogs-origin.cdc.gov,"[""dap"",""pulse""]"
Department of Health and Human Services,Centers for Disease Control and Prevention,communitycountsdataviz.cdc.gov,"[""dap"",""pulse""]"
Department of Health and Human Services,Centers for Disease Control and Prevention,contact.cdc.gov,"[""dap""]"
Department of Health and Human Services,Centers for Disease Control and Prevention,diabetespath2prevention-int.cdc.gov,"[""dap""]"
Department of Health and Human Services,Centers for Disease Control and Prevention,mpoxvaccine.cdc.gov,"[""dap""]"
Department of Health and Human Services,Centers for Disease Control and Prevention,stacks.cdc.gov,"[""dap"",""pulse""]"
Department of Health and Human Services,Centers for Disease Control and Prevention,t-origin.cdc.gov,"[""dap"",""pulse""]"
Department of Health and Human Services,Centers for Disease Control and Prevention,testinglocatoruat.cdc.gov,"[""dap""]"
Department of Health and Human Services,Centers for Disease Control and Prevention,wpat-int.cdc.gov,"[""dap""]"
Department of Health and Human Services,Centers for Medicare and Medicaid Services,ai.cms.gov,"[""dap""]"
Department of Health and Human Services,Centers for Medicare and Medicaid Services,cmit-impl.cms.gov,"[""dap""]"
Department of Health and Human Services,Centers for Medicare and Medicaid Services,cqr.cms.gov,"[""dap""]"
Department of Health and Human Services,Centers for Medicare and Medicaid Services,dpc.cms.gov,"[""dap""]"
Department of Health and Human Services,Centers for Medicare and Medicaid Services,eqrs.cms.gov,"[""dap""]"
Department of Health and Human Services,Centers for Medicare and Medicaid Services,openpayments.system.cms.gov,"[""dap""]"
Department of Health and Human Services,Centers for Medicare and Medicaid Services,pecosai.portal.cms.gov,"[""dap"",""pulse""]"
Department of Health and Human Services,Centers for Medicare and Medicaid Services,portalval.cms.gov,"[""dap"",""pulse""]"
Department of Health and Human Services,Centers for Medicare and Medicaid Services,webpricer.mps.cms.gov,"[""dap""]"
Department of Health and Human Services,"Enterprise Information Technology, NIH",binkley2.ncifcrf.gov,"[""dap"",""pulse""]"
Department of Health and Human Services,"Enterprise Information Technology, NIH",fsswpl-rnast01p.ncifcrf.gov,"[""dap""]"
Department of Health and Human Services,Health Resources and Services Administration,injurycompensation.hrsa.gov,"[""dap""]"
Department of Health and Human Services,Health Resources and Services Administration,tracker.npdb.hrsa.gov,"[""dap""]"
Department of Health and Human Services,"National Cancer Institute, NIH",act24.cancer.gov,"[""dap""]"
Department of Health and Human Services,"National Cancer Institute, NIH",chtn.cancer.gov,"[""dap""]"
Department of Health and Human Services,"National Cancer Institute, NIH",clinical.datacommons.cancer.gov,"[""dap""]"
Department of Health and Human Services,"National Cancer Institute, NIH",clinicalcommons.ccdi.cancer.gov,"[""dap""]"
Department of Health and Human Services,"National Cancer Institute, NIH",computational.cancer.gov,"[""dap""]"
Department of Health and Human Services,"National Cancer Institute, NIH",crtp.ccr.cancer.gov,"[""dap""]"
Department of Health and Human Services,"National Cancer Institute, NIH",designsystem.cancer.gov,"[""dap""]"
Department of Health and Human Services,"National Cancer Institute, NIH",forgedb.cancer.gov,"[""dap""]"
Department of Health and Human Services,"National Cancer Institute, NIH",genomics.ccr.cancer.gov,"[""dap""]"
Department of Health and Human Services,"National Cancer Institute, NIH",hub.datacommons.cancer.gov,"[""dap""]"
Department of Health and Human Services,"National Cancer Institute, NIH",loris.ccr.cancer.gov,"[""dap""]"
Department of Health and Human Services,"National Cancer Institute, NIH",maap.ccr.cancer.gov,"[""dap""]"
Department of Health and Human Services,"National Cancer Institute, NIH",methylscape.ccr.cancer.gov,"[""dap""]"
Department of Health and Human Services,"National Cancer Institute, NIH",nccrdataplatform.ccdi.cancer.gov,"[""dap""]"
Department of Health and Human Services,"National Cancer Institute, NIH",prescancerpanel-prod-acsf.cancer.gov,"[""dap""]"
Department of Health and Human Services,"National Cancer Institute, NIH",shared.semantics.cancer.gov,"[""dap""]"
Department of Health and Human Services,"National Cancer Institute, NIH",trainatnci.cancer.gov,"[""dap""]"
Department of Health and Human Services,"National Institute on Alcohol Abuse and Alcoholism, NIH",content.collegedrinkingprevention.gov,"[""dap""]"
Department of Health and Human Services,National Institutes of Health,3d.nih.gov,"[""dap""]"
Department of Health and Human Services,National Institutes of Health,asa24.nih.gov,"[""dap""]"
Department of Health and Human Services,National Institutes of Health,beta.ncbi.nlm.nih.gov,"[""dap""]"
Department of Health and Human Services,National Institutes of Health,brb-prod-sg.ha.nci.nih.gov,"[""pulse""]"
Department of Health and Human Services,National Institutes of Health,careers.niams.nih.gov,"[""dap"",""pulse""]"
Department of Health and Human Services,National Institutes of Health,cebs-ext.niehs.nih.gov,"[""dap""]"
Department of Health and Human Services,National Institutes of Health,cebs.niehs.nih.gov,"[""dap"",""pulse""]"
Department of Health and Human Services,National Institutes of Health,chemdb2.niaid.nih.gov,"[""pulse""]"
Department of Health and Human Services,National Institutes of Health,chqa.nlm.nih.gov,"[""dap"",""pulse""]"
Department of Health and Human Services,National Institutes of Health,circinteractome.irp.nia.nih.gov,"[""dap""]"
Department of Health and Human Services,National Institutes of Health,climateandhealth.nih.gov,"[""dap""]"
Department of Health and Human Services,National Institutes of Health,datasetcatalog.nlm.nih.gov,"[""dap""]"
Department of Health and Human Services,National Institutes of Health,digirepo.wip.nlm.nih.gov,"[""dap""]"
Department of Health and Human Services,National Institutes of Health,dirseminar.nlm.nih.gov,"[""dap""]"
Department of Health and Human Services,National Institutes of Health,discoverwhr.nih.gov,"[""dap""]"
Department of Health and Human Services,National Institutes of Health,eresources.wip.nlm.nih.gov,"[""pulse""]"
Department of Health and Human Services,National Institutes of Health,formbuilder.nlm.nih.gov,"[""dap""]"
Department of Health and Human Services,National Institutes of Health,hivinfo.nih.gov,"[""dap""]"
Department of Health and Human Services,National Institutes of Health,hmddirectory.wip.nlm.nih.gov,"[""pulse""]"
Department of Health and Human Services,National Institutes of Health,hopesaa.ctss.nih.gov,"[""pulse""]"
Department of Health and Human Services,National Institutes of Health,https.ncbi.nlm.nih.gov,"[""dap"",""pulse""]"
Department of Health and Human Services,National Institutes of Health,id.wip.nlm.nih.gov,"[""pulse""]"
Department of Health and Human Services,National Institutes of Health,learn.wip.nlm.nih.gov,"[""pulse""]"
Department of Health and Human Services,National Institutes of Health,lexsrv3-wip.lhcaws.nlm.nih.gov,"[""dap""]"
Department of Health and Human Services,National Institutes of Health,lhce-brat.nlm.nih.gov,"[""pulse""]"
Department of Health and Human Services,National Institutes of Health,meshb.wip.nlm.nih.gov,"[""dap"",""pulse""]"
Department of Health and Human Services,National Institutes of Health,mhm2.nlm.nih.gov,"[""pulse""]"
Department of Health and Human Services,National Institutes of Health,ncimeta.nci.nih.gov,"[""dap"",""pulse""]"
Department of Health and Human Services,National Institutes of Health,ncimetathesaurus.nci.nih.gov,"[""dap"",""pulse""]"
Department of Health and Human Services,National Institutes of Health,odsrmst.od.nih.gov,"[""dap""]"
Department of Health and Human Services,National Institutes of Health,oers.nlm.nih.gov,"[""pulse""]"
Department of Health and Human Services,National Institutes of Health,ofacp.cit.nih.gov,"[""pulse""]"
Department of Health and Human Services,National Institutes of Health,os1.cc.nih.gov,"[""dap""]"
Department of Health and Human Services,National Institutes of Health,pmc-d.ncbi.nlm.nih.gov,"[""dap""]"
Department of Health and Human Services,National Institutes of Health,pmc.ncbi.nlm.nih.gov,"[""dap""]"
Department of Health and Human Services,National Institutes of Health,profiles.awsprod.nlm.nih.gov,"[""dap""]"
Department of Health and Human Services,National Institutes of Health,rap.tbportals.niaid.nih.gov,"[""dap""]"
Department of Health and Human Services,National Institutes of Health,raresource.nih.gov,"[""dap""]"
Department of Health and Human Services,National Institutes of Health,sardinia.grc.nia.nih.gov,"[""pulse""]"
Department of Health and Human Services,National Institutes of Health,sardinia.irp.nia.nih.gov,"[""dap"",""pulse""]"
Department of Health and Human Services,National Institutes of Health,sites.wip.nlm.nih.gov,"[""pulse""]"
Department of Health and Human Services,National Institutes of Health,tracker.nci.nih.gov,"[""dap"",""pulse""]"
Department of Health and Human Services,National Institutes of Health,vsac.wip.nlm.nih.gov,"[""dap"",""pulse""]"
Department of Health and Human Services,National Institutes of Health,vsaccollab.wip.nlm.nih.gov,"[""pulse""]"
Department of Health and Human Services,"National Library of Medicine, NIH",medlineplus.gov,"[""gov"",""dap"",""pulse"",""2020_eot"",""usagov""]"
Department of Health and Human Services,"National Library of Medicine, NIH",nccs-1.medlineplus.gov,"[""pulse""]"
Department of Health and Human Services,"National Library of Medicine, NIH",nccs-2.medlineplus.gov,"[""dap"",""pulse""]"
Department of Health and Human Services,"National Library of Medicine, NIH",nccs-3.medlineplus.gov,"[""pulse""]"
Department of Health and Human Services,"National Library of Medicine, NIH",nccs-4.medlineplus.gov,"[""pulse""]"
Department of Health and Human Services,"National Library of Medicine, NIH",nccs.medlineplus.gov,"[""pulse""]"
Department of Health and Human Services,Office of the Secretary,cdo.hhs.gov,"[""dap""]"
Department of Health and Human Services,Substance Abuse and Mental Health Services Administration,datatools.samhsa.gov,"[""dap""]"
Department of Health and Human Services,The Administration for Children and Families (ACF),headstart.gov,"[""gov""]"
Department of Homeland Security,Federal Emergency Management Agency,prd-msc.msc.fema.gov,"[""dap""]"
Department of Homeland Security,Headquarters,g-cnmi-eta.cbp.dhs.gov,"[""dap""]"
Department of Homeland Security,Headquarters,ohss.dhs.gov,"[""dap""]"
Department of Homeland Security,Headquarters,tsaprecheckbytelos.tsa.dhs.gov,"[""dap""]"
Department of Homeland Security,Headquarters,ttp.cbp.dhs.gov,"[""dap"",""pulse""]"
Department of Homeland Security,Science and Technology,app.safetyact.gov,"[""dap""]"
Department of Homeland Security,U.S. Customs and Border Protection,cbpworkforce.cbp.gov,"[""dap""]"
Department of Homeland Security,USCIS,developer.uscis.gov,"[""dap""]"
Department of Housing and Urban Development,Web Master  Pulic Affair,archives.glb.hud.gov,"[""dap""]"
Department of Justice,Department of Justice,getaccredited.eoir.justice.gov,"[""dap""]"
Department of Justice,"Department of Justice, National Institute of Corrections",learn.nicic.gov,"[""dap""]"
Department of Justice,Drug Enforcement Administration,justthinktwice.gov,"[""gov"",""dap"",""pulse"",""2020_eot""]"
Department of Justice,Federal Bureau of Prisons,volunteer.reentry.gov,"[""dap""]"
Department of Justice,Internet Crime Complaint Center,breachforums.ic3.gov,"[""dap""]"
Department of Justice,Internet Crime Complaint Center,sec8k.ic3.gov,"[""dap""]"
Department of Justice,Office of Justice Programs,ashanti.bja.ojp.gov,"[""dap""]"
Department of Justice,Office of Justice Programs,fccps.bjs.ojp.gov,"[""dap""]"
Department of Justice,Office of Justice Programs,makah.nsopw.gov,"[""dap""]"
Department of Justice,Office of Justice Programs,nezperce.nsopw.gov,"[""dap""]"
Department of Justice,Office of Justice Programs,oglala.nsopw.gov,"[""dap""]"
Department of Labor,Employment and Training Administration (ETA) - Office of Job Corps,philadelphia.jobcorps.gov,"[""dap"",""pulse""]"
Department of Labor,Office of the Chief Information Officer,coalmine.dol.gov,"[""dap""]"
Department of Labor,Office of the Chief Information Officer,dataportal.dol.gov,"[""dap"",""oira""]"
Department of Labor,Office of the Chief Information Officer,dcmwc.dol.gov,"[""dap""]"
Department of Labor,Office of the Chief Information Officer,dlhwc.dol.gov,"[""dap""]"
Department of Labor,Office of the Chief Information Officer,enfxfr.dol.gov,"[""dap"",""pulse""]"
Department of Labor,Office of the Chief Information Officer,foreignlaborcert.doleta.gov,"[""dap"",""pulse""]"
Department of Labor,Office of the Chief Information Officer,training.owcp.industrypartners.dol.gov,"[""dap""]"
Department of State,Bureau of Global Public Affairs (GPA),archive-share.america.gov,"[""dap""]"
Department of the Interior,Bureau of Land Management - Main Domain,mlrs.blm.gov,"[""dap""]"
Department of the Interior,Bureau of Land Management - Main Domain,muleapi.blm.gov,"[""dap""]"
Department of the Interior,Minerals Management Service,ohmsett.bsee.gov,"[""dap""]"
Department of the Interior,National Park Service,cua.nps.gov,"[""dap""]"
Department of the Interior,National Park Service,ficor.gov,"[""gov""]"
Department of the Interior,National Park Service,planning.nps.gov,"[""dap"",""pulse""]"
Department of the Interior,Office of Surface Mining Reclamation & Enforcement,avss.osmre.gov,"[""dap"",""pulse""]"
Department of the Interior,Office of the Chief Information Officer,archive.revenuedata.doi.gov,"[""dap""]"
Department of the Interior,U.S. Geological Survey,cmgds.er.usgs.gov,"[""dap"",""pulse""]"
Department of the Interior,U.S. Geological Survey,cmt.usgs.gov,"[""dap"",""pulse""]"
Department of the Interior,U.S. Geological Survey,code.usgs.gov,"[""dap""]"
Department of the Interior,U.S. Geological Survey,dashboard.waterdata.usgs.gov,"[""dap""]"
Department of the Interior,U.S. Geological Survey,natwebsdas01.cr.usgs.gov,"[""dap"",""pulse""]"
Department of the Interior,U.S. Geological Survey,natwebvaas01.er.usgs.gov,"[""pulse""]"
Department of the Interior,U.S. Geological Survey,rockyweb.usgs.gov,"[""dap""]"
Department of the Interior,U.S. Geological Survey,tin.er.usgs.gov,"[""dap"",""pulse""]"
Department of the Interior,U.S. Geological Survey,vhptools.usgs.gov,"[""dap""]"
Department of the Interior,U.S. Geological Survey,whispers.usgs.gov,"[""dap"",""2020_eot""]"
Department of the Treasury,Bureau of the Fiscal Service,patriotbonds.gov,"[""gov"",""pulse""]"
Department of the Treasury,Bureau of the Fiscal Service,savingsbond.gov,"[""gov"",""dap"",""pulse""]"
Department of the Treasury,Bureau of the Fiscal Service,taaps.gov,"[""gov"",""dap"",""pulse""]"
Department of the Treasury,Bureau of the Fiscal Service,treasuryauctions.gov,"[""gov"",""dap"",""pulse""]"
Department of the Treasury,Bureau of the Fiscal Service,ttlplus.gov,"[""gov""]"
Department of the Treasury,Comptroller of the Currency,ayudaconmibanco.gov,"[""gov"",""dap"",""pulse""]"
Department of the Treasury,Comptroller of the Currency,bankanswers.gov,"[""gov"",""dap"",""pulse""]"
Department of the Treasury,Comptroller of the Currency,bankcustomer.gov,"[""gov"",""dap"",""pulse""]"
Department of the Treasury,Comptroller of the Currency,bankcustomerassistance.gov,"[""gov"",""dap"",""pulse""]"
Department of the Treasury,Comptroller of the Currency,bankhelp.gov,"[""gov"",""dap"",""pulse""]"
Department of the Treasury,Comptroller of the Currency,comptrollerofthecurrency.gov,"[""gov"",""dap"",""pulse"",""2020_eot""]"
Department of the Treasury,Comptroller of the Currency,helpwithmycheckingaccount.gov,"[""gov"",""dap"",""pulse""]"
Department of the Treasury,Comptroller of the Currency,helpwithmycreditcard.gov,"[""gov"",""dap"",""pulse""]"
Department of the Treasury,Comptroller of the Currency,helpwithmycreditcardbank.gov,"[""gov"",""dap"",""pulse""]"
Department of the Treasury,Comptroller of the Currency,helpwithmymortgage.gov,"[""gov"",""dap"",""pulse""]"
Department of the Treasury,Comptroller of the Currency,helpwithmymortgagebank.gov,"[""gov"",""dap"",""pulse""]"
Department of the Treasury,Comptroller of the Currency,jobs.occ.gov,"[""dap"",""pulse""]"
Department of the Treasury,Comptroller of the Currency,nationalbankhelp.gov,"[""gov"",""dap"",""pulse""]"
Department of the Treasury,Comptroller of the Currency,occhelps.gov,"[""gov"",""dap"",""pulse""]"
Department of the Treasury,Department of the Treasury - DO,devpki.treas.gov,"[""dap"",""pulse""]"
Department of the Treasury,Department of the Treasury - DO,ors.ofac.treas.gov,"[""dap""]"
Department of the Treasury,Department of the Treasury - DO,sanctionslist.ofac.treas.gov,"[""dap""]"
Department of the Treasury,Department of the Treasury - FINCEN,bsaefiling.fincen.gov,"[""dap""]"
Department of the Treasury,Department of the Treasury - IRS,directfile.irs.gov,"[""dap""]"
Department of the Treasury,Department of the Treasury - OCIO,devpki.treasury.gov,"[""dap""]"
Department of the Treasury,Department of the Treasury - OCIO,pki.treasury.gov,"[""dap"",""pulse""]"
Department of the Treasury,Department of the Treasury - OCIO,pkikc.fiscal.treasury.gov,"[""pulse""]"
Department of the Treasury,Department of the Treasury - U.S. Mint,kids.usmint.gov,"[""dap""]"
Department of the Treasury,Departmental Offices ,ffb.gov,"[""gov"",""dap"",""pulse"",""2020_eot""]"
Department of the Treasury,TCS (IRS),irsauctions.gov,"[""gov"",""dap"",""pulse""]"
Department of Transportation,Bureau of Transportation Statistics,ntl.bts.gov,"[""dap"",""pulse"",""2020_eot"",""gov_man""]"
Department of Transportation,Bureau of Transportation Statistics,rosap.ntl.bts.gov,"[""dap"",""pulse""]"
Department of Transportation,Bureau of Transportation Statistics,transtats.bts.gov,"[""dap"",""pulse"",""2020_eot""]"
Department of Transportation,Department of Transportation,cmfclearinghouse.fhwa.dot.gov,"[""dap""]"
Department of Transportation,Department of Transportation,esubmit.rita.dot.gov,"[""dap"",""pulse""]"
Department of Transportation,Department of Transportation,highways.fhwa.dot.gov,"[""dap"",""pulse""]"
Department of Transportation,Department of Transportation,mutcd-dr.fhwa.dot.gov,"[""dap""]"
Department of Transportation,Department of Transportation,ops-dr.fhwa.dot.gov,"[""dap""]"
Department of Transportation,U.S. Department of Transportation,data.transportation.gov,"[""dap"",""pulse""]"
Department of Veterans Affairs,Department of Veterans Affairs - PREVENTS,reach.gov,"[""gov"",""dap""]"
Department of Veterans Affairs,"Office of Information and Technology, IT Operations and Services (ITOPS)",discover.va.gov,"[""dap""]"
Department of Veterans Affairs,Veterans Experience Office,vsafe.gov,"[""gov"",""dap""]"
Director of National Intelligence,Office of Director of National Intelligence - Public Affairs Office,intelligence.gov,"[""gov"",""dap"",""pulse""]"
Director of National Intelligence,Office of Director of National Intelligence - Public Affairs Office,odni.gov,"[""gov"",""dap"",""pulse"",""2020_eot"",""gov_man""]"
Director of National Intelligence,Office of Directorate of National Intelligence,dni.gov,"[""gov"",""dap"",""pulse"",""2020_eot"",""usagov"",""gov_man""]"
Director of National Intelligence,Office of the Director of National Intelligence,intel.gov,"[""gov"",""dap"",""pulse"",""2020_eot""]"
Director of National Intelligence,"Office of the Program Manager, Information Sharing Environment, Office of the DNI",nmio.ise.gov,"[""dap"",""pulse"",""2020_eot"",""mil-sites1"",""mil-sites2""]"
Election Assistance Commission,Election Assistance Commission,oig.eac.gov,"[""dap""]"
Election Assistance Commission,Election Assistance Commission,oighotlineportal.eac.gov,"[""dap""]"
Environmental Protection Agency,Environmental Protection Agency,clmapper.epa.gov,"[""dap"",""pulse""]"
Environmental Protection Agency,Environmental Protection Agency,tscaguideme.epa.gov,"[""dap""]"
Environmental Protection Agency,Environmental Protection Agency,udr.epa.gov,"[""dap""]"
Executive Office of the President,National Quantum Coordination Office (NQCO),quantum.gov,"[""gov"",""dap""]"
Executive Office of the President,Office of Management and Budget,fpi.omb.gov,"[""dap""]"
Executive Office of the President,United States Digital Service,smeqa.usds.gov,"[""dap"",""pulse""]"
Executive Office of the President,United States Digital Service,techfarhub.usds.gov,"[""dap""]"
Executive Office of the President,United States Digital Service,usds.gov,"[""gov"",""dap"",""pulse"",""2020_eot""]"
Federal Deposit Insurance Corporation,Federal Deposit Insurance Corporation,banks-q.data.fdic.gov,"[""pulse""]"
Federal Deposit Insurance Corporation,Federal Deposit Insurance Corporation,qbpgraphbook.fdic.gov,"[""dap""]"
Federal Deposit Insurance Corporation,Federal Deposit Insurance Corporation,state-tables-d.fdic.gov,"[""dap""]"
Federal Deposit Insurance Corporation,Federal Deposit Insurance Corporation,state-tables-q.fdic.gov,"[""dap""]"
Federal Housing Finance Agency,Federal Housing Finance Agency,fhfa.gov,"[""gov"",""dap"",""pulse"",""2020_eot"",""usagov"",""gov_man"",""oira""]"
Federal Housing Finance Agency,Federal Housing Finance Agency Office of Inspector General ,fhfaoig.gov,"[""gov"",""dap"",""pulse"",""2020_eot""]"
Federal Maritime Commission,Federal Maritime Commission,fmc.gov,"[""gov"",""dap"",""pulse"",""2020_eot"",""usagov"",""gov_man"",""oira""]"
Federal Permitting Improvement Steering Council,Federal Permitting Improvement Steering Council,permitting.gov,"[""gov""]"
General Services Administration,"GSA, CIO.GOV",https.cio.gov,"[""dap"",""pulse""]"
General Services Administration,"GSA, IC, FAI",login.fai.gov,"[""dap""]"
General Services Administration,"GSA, IC, ROCIS",sat.reginfo.gov,"[""dap"",""pulse""]"
General Services Administration,"GSA, IC, ROCIS",train2.rocis.gov,"[""dap""]"
General Services Administration,"GSA, IC, ROCIS",uat2.rocis.gov,"[""dap""]"
General Services Administration,"GSA, IDI, ECAS II",barstow.webshop.gsa.gov,"[""dap""]"
General Services Administration,"GSA, IDI, ECAS II",cherrypoint.webshop.gsa.gov,"[""dap""]"
General Services Administration,"GSA, IDI, ECAS II",connectionsii-clin-checker.eos.gsa.gov,"[""dap""]"
General Services Administration,"GSA, IDI, ECAS II",curtisbay.webshop.gsa.gov,"[""dap""]"
General Services Administration,"GSA, IDI, ECAS II",fedpay.gss.gsa.gov,"[""dap"",""pulse""]"
General Services Administration,"GSA, IDI, ECAS II",networx-billing-pricer.eos.gsa.gov,"[""dap""]"
General Services Administration,"GSA, IDI, ECAS II",networx-public-pricer.eos.gsa.gov,"[""dap""]"
General Services Administration,"GSA, IDI, ECAS II",tts.gsa.gov,"[""dap""]"
General Services Administration,"GSA,FAS,Technology Transformation Service",airnow-blue.app.cloud.gov,"[""pulse""]"
General Services Administration,"GSA,FAS,Technology Transformation Service",analytics-develop.app.cloud.gov,"[""dap""]"
General Services Administration,"GSA,FAS,Technology Transformation Service",automate.fedramp.gov,"[""dap""]"
General Services Administration,"GSA,FAS,Technology Transformation Service",methane.app.cloud.gov,"[""dap""]"
General Services Administration,"GSA,FAS,Technology Transformation Service",omh-website.app.cloud.gov,"[""dap""]"
General Services Administration,"GSA,FAS,Technology Transformation Service",standards.digital.gov,"[""dap""]"
General Services Administration,TTS Public Benefits Studio,beta.notify.gov,"[""dap""]"
Millennium Challenge Corporation,Millennium Challenge Corporation,data.mcc.gov,"[""pulse""]"
Millennium Challenge Corporation,Millennium Challenge Corporation,mcc.gov,"[""gov"",""dap"",""pulse"",""2020_eot"",""usagov""]"
Morris K. Udall and Stewart L. Udall Foundation,Morris K. Udall and Stewart L. Udall Foundation,facultyreps.udall.gov,"[""dap"",""pulse""]"
National Aeronautics and Space Administration,NASA Office of the Chief Information Officer,acquisitions.jpl.nasa.gov,"[""dap"",""pulse""]"
National Aeronautics and Space Administration,NASA Office of the Chief Information Officer,aeronauticsprojects.arc.nasa.gov,"[""dap""]"
National Aeronautics and Space Administration,NASA Office of the Chief Information Officer,ahed.smce.nasa.gov,"[""dap""]"
National Aeronautics and Space Administration,NASA Office of the Chief Information Officer,aqua.gsfc.nasa.gov,"[""dap"",""pulse""]"
National Aeronautics and Space Administration,NASA Office of the Chief Information Officer,astromaterials.jsc.nasa.gov,"[""dap"",""pulse""]"
National Aeronautics and Space Administration,NASA Office of the Chief Information Officer,batse.msfc.nasa.gov,"[""dap"",""pulse""]"
National Aeronautics and Space Administration,NASA Office of the Chief Information Officer,cisto-news.gsfc.nasa.gov,"[""dap"",""pulse""]"
National Aeronautics and Space Administration,NASA Office of the Chief Information Officer,draftmmt.earthdata.nasa.gov,"[""dap""]"
National Aeronautics and Space Administration,NASA Office of the Chief Information Officer,eospso.gsfc.nasa.gov,"[""dap"",""pulse"",""2020_eot""]"
National Aeronautics and Space Administration,NASA Office of the Chief Information Officer,firms2.modaps.eosdis.nasa.gov,"[""dap"",""pulse""]"
National Aeronautics and Space Administration,NASA Office of the Chief Information Officer,gammaray.msfc.nasa.gov,"[""dap"",""pulse""]"
National Aeronautics and Space Administration,NASA Office of the Chief Information Officer,gipsy-oasis.jpl.nasa.gov,"[""dap"",""pulse""]"
National Aeronautics and Space Administration,NASA Office of the Chief Information Officer,gs6101-gmao.gsfc.nasa.gov,"[""dap""]"
National Aeronautics and Space Administration,NASA Office of the Chief Information Officer,gs618-glihtl1.ndc.nasa.gov,"[""dap"",""pulse""]"
National Aeronautics and Space Administration,NASA Office of the Chief Information Officer,gs66-vdclambda.ndc.nasa.gov,"[""dap"",""pulse""]"
National Aeronautics and Space Administration,NASA Office of the Chief Information Officer,gs671-stereodata.nascom.nasa.gov,"[""dap""]"
National Aeronautics and Space Administration,NASA Office of the Chief Information Officer,gs674-ccmcftp.ccmc.gsfc.nasa.gov,"[""dap""]"
National Aeronautics and Space Administration,NASA Office of the Chief Information Officer,hera.gsfc.nasa.gov,"[""dap"",""pulse""]"
National Aeronautics and Space Administration,NASA Office of the Chief Information Officer,humanfactors.arc.nasa.gov,"[""dap"",""pulse""]"
National Aeronautics and Space Administration,NASA Office of the Chief Information Officer,humansystems.arc.nasa.gov,"[""dap"",""pulse""]"
National Aeronautics and Space Administration,NASA Office of the Chief Information Officer,lance4.modaps.eosdis.nasa.gov,"[""dap"",""pulse""]"
National Aeronautics and Space Administration,NASA Office of the Chief Information Officer,lasco6.nascom.nasa.gov,"[""dap"",""pulse""]"
National Aeronautics and Space Administration,NASA Office of the Chief Information Officer,lhea.gsfc.nasa.gov,"[""dap"",""pulse""]"
National Aeronautics and Space Administration,NASA Office of the Chief Information Officer,med-eng.jpl.nasa.gov,"[""dap"",""pulse""]"
National Aeronautics and Space Administration,NASA Office of the Chief Information Officer,medicalengineering.jpl.nasa.gov,"[""dap"",""pulse""]"
National Aeronautics and Space Administration,NASA Office of the Chief Information Officer,my.nasa.gov,"[""dap""]"
National Aeronautics and Space Administration,NASA Office of the Chief Information Officer,neoproperties.ndc.nasa.gov,"[""dap"",""pulse""]"
National Aeronautics and Space Administration,NASA Office of the Chief Information Officer,nrt3.modaps.eosdis.nasa.gov,"[""dap"",""pulse""]"
National Aeronautics and Space Administration,NASA Office of the Chief Information Officer,nrt4.modaps.eosdis.nasa.gov,"[""dap"",""pulse""]"
National Aeronautics and Space Administration,NASA Office of the Chief Information Officer,oceancolor.gsfc.nasa.gov,"[""dap"",""pulse"",""2020_eot""]"
National Aeronautics and Space Administration,NASA Office of the Chief Information Officer,oceanworldslab.jpl.nasa.gov,"[""dap""]"
National Aeronautics and Space Administration,NASA Office of the Chief Information Officer,oigforms.nasa.gov,"[""dap""]"
National Aeronautics and Space Administration,NASA Office of the Chief Information Officer,psss.jpl.nasa.gov,"[""dap""]"
National Aeronautics and Space Administration,NASA Office of the Chief Information Officer,rapweb.jpl.nasa.gov,"[""dap"",""pulse""]"
National Aeronautics and Space Administration,NASA Office of the Chief Information Officer,satcorps.larc.nasa.gov,"[""dap"",""pulse""]"
National Aeronautics and Space Administration,NASA Office of the Chief Information Officer,sedvme.gsfc.nasa.gov,"[""dap"",""pulse""]"
National Aeronautics and Space Administration,NASA Office of the Chief Information Officer,solar-b.msfc.nasa.gov,"[""dap"",""pulse""]"
National Aeronautics and Space Administration,NASA Office of the Chief Information Officer,space-geodesy.gsfc.nasa.gov,"[""dap"",""pulse""]"
National Aeronautics and Space Administration,NASA Office of the Chief Information Officer,stereo-lit.nascom.nasa.gov,"[""dap"",""pulse""]"
National Aeronautics and Space Administration,NASA Office of the Chief Information Officer,stereodata.nascom.nasa.gov,"[""dap"",""pulse""]"
National Aeronautics and Space Administration,NASA Office of the Chief Information Officer,visualization.genelab.nasa.gov,"[""dap""]"
National Aeronautics and Space Administration,NASA Office of the Chief Information Officer,visualization.osdr.nasa.gov,"[""dap""]"
National Aeronautics and Space Administration,NASA Science Data Systems Branch,dataentrystaging.globe.gov,"[""dap""]"
National Aeronautics and Space Administration,NASA Science Data Systems Branch,datasearchstaging.globe.gov,"[""dap""]"
National Archives and Records Administration,National Archives and Records Administration,archie.archives.gov,"[""dap""]"
National Archives and Records Administration,National Archives and Records Administration,bidenlibrary.gov,"[""gov""]"
National Archives and Records Administration,National Archives and Records Administration,declaration250.gov,"[""gov"",""dap""]"
National Archives and Records Administration,National Archives and Records Administration,eservices.archives.gov,"[""dap"",""pulse"",""oira""]"
National Archives and Records Administration,National Archives and Records Administration,fixity-check.blogs.archives.gov,"[""dap""]"
National Archives and Records Administration,National Archives and Records Administration,ford.artifacts.archives.gov,"[""dap""]"
National Archives and Records Administration,National Archives and Records Administration,obama.artifacts.archives.gov,"[""dap""]"
National Archives and Records Administration,National Archives and Records Administration,reagan.artifacts.archives.gov,"[""dap""]"
National Archives and Records Administration,National Archives and Records Administration,visit.archives.gov,"[""dap""]"
National Capital Planning Commission,National Capital Planning Commission,ncpc.gov,"[""gov"",""dap"",""pulse"",""2020_eot"",""usagov"",""gov_man""]"
Networking Information Technology Research and Development,National Coordination Office for Networking and Information Technology Research and Development,nitrd.gov,"[""gov"",""dap"",""pulse"",""2020_eot""]"
Nuclear Regulatory Commission,Nuclear Regulatory Commission,ebilling.nrc-gateway.gov,"[""pulse""]"
Nuclear Regulatory Commission,Nuclear Regulatory Commission,scp.nrc.gov,"[""pulse""]"
Nuclear Regulatory Commission,Nuclear Regulatory Commission,video.nrc.gov,"[""pulse""]"
Office of Personnel Management,Chief Human Capital Officers,beta.chcoc.gov,"[""dap""]"
Office of Personnel Management,OCIO,benefeds.gov,"[""gov""]"
Office of Personnel Management,OCIO,ltcfeds.gov,"[""gov""]"
Office of Personnel Management,Office Of Personnel Management,carrieruat.opm.gov,"[""dap""]"
Office of Personnel Management,Office Of Personnel Management,usapuat.opm.gov,"[""dap""]"
Office of Personnel Management,OPM Human Resource Solutions,afmccareers.usajobs.gov,"[""dap""]"
Office of Personnel Management,OPM Human Resource Solutions,ai.usajobs.gov,"[""dap""]"
Office of Personnel Management,OPM Human Resource Solutions,army.usajobs.gov,"[""dap""]"
Office of Personnel Management,OPM Human Resource Solutions,armyacquisition.usajobs.gov,"[""dap""]"
Office of Personnel Management,OPM Human Resource Solutions,armychildcarejobs.usajobs.gov,"[""dap""]"
Office of Personnel Management,OPM Human Resource Solutions,armymwrcareers.usajobs.gov,"[""dap""]"
Office of Personnel Management,OPM Human Resource Solutions,armynafciviliancareers.usajobs.gov,"[""dap""]"
Office of Personnel Management,OPM Human Resource Solutions,bep.usajobs.gov,"[""dap""]"
Office of Personnel Management,OPM Human Resource Solutions,blm-wy.usajobs.gov,"[""dap""]"
Office of Personnel Management,OPM Human Resource Solutions,bpajobs.usajobs.gov,"[""dap""]"
Office of Personnel Management,OPM Human Resource Solutions,californiayrtc.usajobs.gov,"[""dap""]"
Office of Personnel Management,OPM Human Resource Solutions,cbp.usajobs.gov,"[""dap"",""pulse""]"
Office of Personnel Management,OPM Human Resource Solutions,cdc-ncipc.usajobs.gov,"[""dap""]"
Office of Personnel Management,OPM Human Resource Solutions,civiliancoastguardcareers.usajobs.gov,"[""dap""]"
Office of Personnel Management,OPM Human Resource Solutions,cms-sesjobs.usajobs.gov,"[""dap"",""pulse""]"
Office of Personnel Management,OPM Human Resource Solutions,cmsi.usajobs.gov,"[""dap"",""pulse""]"
Office of Personnel Management,OPM Human Resource Solutions,dfas.usajobs.gov,"[""dap"",""pulse""]"
Office of Personnel Management,OPM Human Resource Solutions,dfcstudentsandrecentgrads.usajobs.gov,"[""dap""]"
Office of Personnel Management,OPM Human Resource Solutions,dfcveteransandmilitaryspouses.usajobs.gov,"[""dap""]"
Office of Personnel Management,OPM Human Resource Solutions,dhs-hq.usajobs.gov,"[""dap""]"
Office of Personnel Management,OPM Human Resource Solutions,dodea-ed-aides.usajobs.gov,"[""dap""]"
Office of Personnel Management,OPM Human Resource Solutions,dodea.usajobs.gov,"[""dap""]"
Office of Personnel Management,OPM Human Resource Solutions,doecec.usajobs.gov,"[""dap""]"
Office of Personnel Management,OPM Human Resource Solutions,doifirescareers.usajobs.gov,"[""dap""]"
Office of Personnel Management,OPM Human Resource Solutions,dolcareers.usajobs.gov,"[""dap""]"
Office of Personnel Management,OPM Human Resource Solutions,don-medical.usajobs.gov,"[""dap""]"
Office of Personnel Management,OPM Human Resource Solutions,dsscareers.usajobs.gov,"[""dap""]"
Office of Personnel Management,OPM Human Resource Solutions,eeoccareers.usajobs.gov,"[""dap""]"
Office of Personnel Management,OPM Human Resource Solutions,eparegion8.usajobs.gov,"[""dap""]"
Office of Personnel Management,OPM Human Resource Solutions,erscareers.usajobs.gov,"[""dap""]"
Office of Personnel Management,OPM Human Resource Solutions,fascareers.usajobs.gov,"[""dap""]"
Office of Personnel Management,OPM Human Resource Solutions,femareservist.usajobs.gov,"[""dap""]"
Office of Personnel Management,OPM Human Resource Solutions,iaf.usajobs.gov,"[""dap""]"
Office of Personnel Management,OPM Human Resource Solutions,ibccareers.usajobs.gov,"[""dap""]"
Office of Personnel Management,OPM Human Resource Solutions,milspouse.usajobs.gov,"[""dap""]"
Office of Personnel Management,OPM Human Resource Solutions,nswccarderock.usajobs.gov,"[""dap""]"
Office of Personnel Management,OPM Human Resource Solutions,nswcdd.usajobs.gov,"[""dap""]"
Office of Personnel Management,OPM Human Resource Solutions,nswcihd.usajobs.gov,"[""dap""]"
Office of Personnel Management,OPM Human Resource Solutions,nswcpcd.usajobs.gov,"[""dap""]"
Office of Personnel Management,OPM Human Resource Solutions,nswcpd.usajobs.gov,"[""dap""]"
Office of Personnel Management,OPM Human Resource Solutions,nuwckeyport.usajobs.gov,"[""dap""]"
Office of Personnel Management,OPM Human Resource Solutions,obocareers.usajobs.gov,"[""dap""]"
Office of Personnel Management,OPM Human Resource Solutions,othercyber.usajobs.gov,"[""dap""]"
Office of Personnel Management,OPM Human Resource Solutions,prevention.usajobs.gov,"[""dap""]"
Office of Personnel Management,OPM Human Resource Solutions,pv.usajobs.gov,"[""dap""]"
Office of Personnel Management,OPM Human Resource Solutions,recentgrad.usajobs.gov,"[""dap""]"
Office of Personnel Management,OPM Human Resource Solutions,signin.train.usastaffing.gov,"[""dap""]"
Office of Personnel Management,OPM Human Resource Solutions,spaceforcecareers.usajobs.gov,"[""dap""]"
Office of Personnel Management,OPM Human Resource Solutions,sroc.usajobs.gov,"[""dap""]"
Office of Personnel Management,OPM Human Resource Solutions,ssaiatlanta.usajobs.gov,"[""dap"",""pulse""]"
Office of Personnel Management,OPM Human Resource Solutions,ssaiboston.usajobs.gov,"[""dap"",""pulse""]"
Office of Personnel Management,OPM Human Resource Solutions,ssaichicago.usajobs.gov,"[""dap"",""pulse""]"
Office of Personnel Management,OPM Human Resource Solutions,ssaidallas.usajobs.gov,"[""dap"",""pulse""]"
Office of Personnel Management,OPM Human Resource Solutions,ssaidenver.usajobs.gov,"[""dap"",""pulse""]"
Office of Personnel Management,OPM Human Resource Solutions,ssaiheadquarters.usajobs.gov,"[""dap"",""pulse""]"
Office of Personnel Management,OPM Human Resource Solutions,ssaikansascity.usajobs.gov,"[""dap"",""pulse""]"
Office of Personnel Management,OPM Human Resource Solutions,ssainewyork.usajobs.gov,"[""dap"",""pulse""]"
Office of Personnel Management,OPM Human Resource Solutions,ssaiphiladelphia.usajobs.gov,"[""dap"",""pulse""]"
Office of Personnel Management,OPM Human Resource Solutions,ssaisanfrancisco.usajobs.gov,"[""dap"",""pulse""]"
Office of Personnel Management,OPM Human Resource Solutions,ssaiseattle.usajobs.gov,"[""dap"",""pulse""]"
Office of Personnel Management,OPM Human Resource Solutions,ssapathways.usajobs.gov,"[""dap""]"
Office of Personnel Management,OPM Human Resource Solutions,ssp.usajobs.gov,"[""dap""]"
Office of Personnel Management,OPM Human Resource Solutions,treasuryhq.usajobs.gov,"[""dap""]"
Office of Personnel Management,OPM Human Resource Solutions,usda-disability-hiring.usajobs.gov,"[""dap""]"
Office of Personnel Management,OPM Human Resource Solutions,usda-military-spouses.usajobs.gov,"[""dap""]"
Office of Personnel Management,OPM Human Resource Solutions,usda-veterans.usajobs.gov,"[""dap""]"
Office of Personnel Management,OPM Human Resource Solutions,usff.usajobs.gov,"[""dap""]"
Office of Personnel Management,OPM Human Resource Solutions,usgs.usajobs.gov,"[""dap""]"
Office of Personnel Management,OPM Human Resource Solutions,va.usajobs.gov,"[""dap""]"
Office of Personnel Management,OPM Human Resource Solutions,vbaoak.usajobs.gov,"[""dap""]"
Office of Personnel Management,OPM Human Resource Solutions,vbasea.usajobs.gov,"[""dap""]"
Office of Personnel Management,OPM Human Resource Solutions,westernfedlands.usajobs.gov,"[""dap""]"
Office of Personnel Management,OPM Human Resource Solutions,wlf-nps.usajobs.gov,"[""dap""]"
Postal Regulatory Commission,Postal Regulatory Commission,prc.gov,"[""gov"",""dap"",""pulse"",""2020_eot"",""usagov"",""gov_man""]"
Privacy and Civil Liberties Oversight Board,Privacy & Civil Liberties Oversight Board,pclob.gov,"[""gov"",""dap"",""pulse"",""2020_eot"",""usagov""]"
Public Buildings Reform Board,General Services Administration,pbrb.gov,"[""gov"",""dap"",""pulse""]"
Small Business Administration,SBA-Office of Innovation & Technology,legacy.www.sbir.gov,"[""dap""]"
Smithsonian Institution,Smithsonian Institution,itis.gov,"[""gov"",""dap"",""pulse"",""2020_eot""]"
Social Security Advisory Board,Social Security Advisory Board,ssab.gov,"[""gov"",""pulse"",""2020_eot"",""usagov""]"
U.S. Agency for International Development,M/CIO,roadmaps.usaid.gov,"[""dap""]"
U.S. Commission on Civil Rights,ASCD-CIO,usccr.gov,"[""gov"",""dap"",""pulse"",""2020_eot"",""usagov"",""gov_man""]"
U.S. Commission on Civil Rights,Commission on the Social Status of Black Men and Black Boys,cssbmb.gov,"[""gov"",""dap""]"
U.S. Department of Agriculture,National Wildfire Coordinating Group,egp.wildfire.gov,"[""dap""]"
U.S. Department of Agriculture,Recreation One Stop,mobile.recreation.gov,"[""dap""]"
U.S. Department of Agriculture,U.S. Department of Agriculture,aglab.ars.usda.gov,"[""dap""]"
U.S. Department of Agriculture,U.S. Department of Agriculture,biocollections.ars.usda.gov,"[""dap""]"
U.S. Department of Agriculture,U.S. Department of Agriculture,epermits.fs2c.usda.gov,"[""dap""]"
U.S. Department of Agriculture,U.S. Department of Agriculture,fungi.ars.usda.gov,"[""dap""]"
U.S. Department of Agriculture,U.S. Department of Agriculture,geodata-prod.nal.usda.gov,"[""dap""]"
U.S. Department of Agriculture,U.S. Department of Agriculture,lod.nal.usda.gov,"[""dap"",""pulse""]"
U.S. Department of Agriculture,U.S. Department of Agriculture,nass.usda.gov,"[""dap"",""pulse"",""2020_eot"",""usagov"",""gov_man""]"
U.S. Department of Agriculture,U.S. Department of Agriculture,old.rma.usda.gov,"[""dap""]"
U.S. Department of Agriculture,U.S. Department of Agriculture,plants.sc.egov.usda.gov,"[""dap"",""pulse""]"
U.S. Department of Agriculture,U.S. Department of Agriculture,primary.ers.usda.gov,"[""dap""]"
U.S. Department of Agriculture,U.S. Department of Agriculture,research.fs.usda.gov,"[""dap""]"
U.S. Department of Agriculture,U.S. Department of Agriculture,sd-prod.arsnet.usda.gov,"[""dap""]"
U.S. Department of Agriculture,U.S. Department of Agriculture,tellus-prod.arsnet.usda.gov,"[""dap""]"
U.S. Nuclear Waste Technical Review Board,Nuclear Waste Technical Review Board,nwtrb.gov,"[""gov"",""dap"",""pulse"",""2020_eot"",""usagov""]"
